source_id,source_so_ky_hieu,target_so_ky_hieu,trigger,evidence
112025,73/2016/NĐ-CP,123/2011/NĐ-CP,Nghị định số,"Nghị định số 123/2011/NĐ-CP ngày 28 tháng 12 năm 2011 của Chính phủ quy định chi tiết thi hành một số điều của Luật sửa đổi, bổ sung một số điều của Luật kinh doanh bảo hiểm và sửa đổi, bổ sung một số điều của Nghị định số 45/2007/NĐ-CP ngày 27 tháng 3 năm 2007 của Chính phủ quy định ch"
112025,73/2016/NĐ-CP,45/2007/NĐ-CP,"Sửa đổi, bổ sung","Nghị định số 68/2014/NĐ-CP ngày 09 tháng 7 năm 2014 của Chính phủ sửa đổi, bổ sung một số điều của Nghị định số 45/2007/NĐ-CP ngày 27 tháng 3 năm 2007 của Chính phủ quy định chi tiết thi hành một số điều của Luật kinh doanh bảo hiểm và Nghị định số 46/2007/NĐ-CP ngày 27 tháng 3 năm 2007 của Chính phủ quy định chế độ tài chính đối với doanh nghiệp bảo hiểm, doanh nghiệp môi giới bảo"
112025,73/2016/NĐ-CP,46/2007/NĐ-CP,"Sửa đổi, bổ sung","Nghị định số 68/2014/NĐ-CP ngày 09 tháng 7 năm 2014 của Chính phủ sửa đổi, bổ sung một số điều của Nghị định số 45/2007/NĐ-CP ngày 27 tháng 3 năm 2007 của Chính phủ quy định chi tiết thi hành một số điều của Luật kinh doanh bảo hiểm và Nghị định số 46/2007/NĐ-CP ngày 27 tháng 3 năm 2007 của Chính phủ quy định chế độ tài chính đối với doanh nghiệp bảo hiểm, doanh nghiệp môi giới bảo hiểm hết hiệu lực thi hành kể từ ngày Nghị định này có hiệu lực."
112025,73/2016/NĐ-CP,67/2014/NĐ-CP,Số hiệu văn bản,Đại lý bán bảo hiểm theo Nghị định 67/2014/NĐ-CP phải đáp ứng các điều kiện sau: a) Có ít nhất 03 tháng kinh nghiệm hoạt động đại lý bảo hiểm;
112025,73/2016/NĐ-CP,68/2014/NĐ-CP,"Sửa đổi, bổ sung","Nghị định số 68/2014/NĐ-CP ngày 09 tháng 7 năm 2014 của Chính phủ sửa đổi, bổ sung một số điều của Nghị định số 45/2007/NĐ-CP ngày 27 tháng 3 năm 2007 của Chính phủ quy định chi tiết thi hành một số điều của Luật kinh doanh bảo hiểm và Nghị định số 46/2007/NĐ-CP ngày 27 tháng 3 năm 200"
112924,105/2016/TT-BTC,06/2013/PL-UBTVQH13,"Sửa đổi, bổ sung","Căn cứ Pháp lệnh số 06/2013/PL-UBTVQH13 ngày 18 tháng 03 năm 2013 sửa đổi, bổ sung một số điều của Pháp lệnh Ngoại hối;"
112924,105/2016/TT-BTC,135/2015/NĐ-CP,Căn cứ,Căn cứ Nghị định số 135/2015/NĐ-CP ngày 31 tháng 12 năm 2015 của Chính phủ quy định về đầu tư gián tiếp ra nước ngoài;
112924,105/2016/TT-BTC,215/2013/NĐ-CP,Căn cứ,"Căn cứ Nghị định số 215/2013/NĐ-CP ngày 23 tháng 12 năm 2013 của Chính phủ quy định chức năng, nhiệm vụ, quyền hạn và cơ cấu tổ chức của Bộ Tài chính;"
112924,105/2016/TT-BTC,28/2005/PL-UBTVQH,Căn cứ,Căn cứ Pháp lệnh Ngoại hối số 28/2005/PL-UBTVQH ngày 13 tháng 12 năm 2005;
117310,41/2016/TT-NHNN,156/2013/NĐ-CP,Căn cứ,"Căn cứ Nghị định số 156/2013/NĐ-CP ngày 11 tháng 11 năm 2013 của Chính phủ quy định chức năng, nhiệm vụ, quyền hạn và cơ cấu tổ chức của Ngân hàng Nhà nước Việt Nam;"
117310,41/2016/TT-NHNN,46/2010/QH12,Căn cứ,"NƯỚC VIỆT NAM CỘNG HÒA XÃ HỘI CHỦ NGHĨA VIỆT NAM Độc lập – Tự do – Hạnh phúc Số: 41/2016/TT-NHNN Hà Nội, Ngày 30 tháng 12 năm 2016 THÔNG TƯ Quy định tỷ lệ an toàn vốn đối với ngân hàng, chi nhánh ngân hàng nước ngoài Căn cứ Luật Ngân hàng Nhà nước Việt Nam số 46/2010/QH12 ngày 16 tháng 6 năm 2010;"
117310,41/2016/TT-NHNN,47/2010/QH12,Căn cứ,Căn cứ Luật các tổ chức tín dụng số 47/2010/QH12 ngày 16 tháng 6 năm 2010;
133858,05/2019/NĐ-CP,68/2000/NĐ-CP,Nghị định số,"tự đảm bảo chi thường xuyên và chi đầu tư, đơn vị sự nghiệp công lập tự đảm bảo chi thường xuyên: có tổng quỹ tiền lương, phụ cấp và các khoản đóng góp theo lương của số người lao động hiện có (bao gồm: số biên chế có mặt, lao động hợp đồng theo Nghị định số 68/2000/NĐ-CP ngày 17 tháng 11 năm 2000 của Chính phủ và lao động hợp đồng chuyên môn khác) trong một năm từ 20 tỷ đồng trở lên hoặc sử dụng từ 200 người lao động trở lên phải thực hiện công tác kiểm toán nội bộ."
143217,66/2020/TT-BTC,05/2019/NĐ-CP,Căn cứ,Căn cứ Nghị định số 05/2019/NĐ-CP ngày 22 thảng 01 năm 2019 của Chính phủ về kiếm toán nội bộ;
143217,66/2020/TT-BTC,87/2017/NĐ-CP,Căn cứ,"Căn cứ Nghị định số 87/2017/NĐ-CP ngày 26 tháng 7 năm 2017 của Chính phủ quy định chức năng, nhiệm vụ, quyền hạn và cơ cấu tố chức của Bộ Tài chính;"
143217,66/2020/TT-BTC,88/2015/QH,Căn cứ,"BỘ TÀI CHÍNH Số: 66/2020/TT-BTC BỘ TÀI CHÍNH Số: 66/2020/TT-BTC CỘNG HÒA XÃ HỘI CHỦ NGHĨA VIỆT NAM Độc lập - Tự do - Hạnh phúc Hà Nội, ngày 10 tháng 7 năm 2020 THÔNG TƯ Ban hành Quy chế mẫu về kiểm toán nội bộ áp dụng cho doanh nghiệp Căn cứ Luật kế toán số 88/2015/QH 13 ngày 20 tháng 11 năm 2015;"
146468,156/2020/NĐ-CP,108/2013/NĐ-CP,Nghị định số,"Đối với quyết định xử phạt vi phạm hành chính đã được ban hành trước ngày Nghị định này có hiệu lực thi hành mà cá nhân, tổ chức bị xử phạt vi phạm hành chính còn khiếu nại thì áp dụng quy định của Luật Xử lý vi phạm hành chính, Nghị định số 108/2013/NĐ-CP ngày 23 tháng 9 năm 2013 của Chính phủ quy định xử phạt vi phạm hành chính trong lĩnh vực chứng khoán và thị trường chứng khoán và Nghị định số 145/2016/NĐ-CP ngày 01 tháng 11 năm 2016 của Chính phủ sửa đổi, bổ sung một số điều của Nghị định số 108/2013/NĐ-CP"
146468,156/2020/NĐ-CP,145/2016/NĐ-CP,"Sửa đổi, bổ sung","Nghị định số 108/2013/NĐ-CP ngày 23 tháng 9 năm 2013 của Chính phủ quy định xử phạt vi phạm hành chính trong lĩnh vực chứng khoán và thị trường chứng khoán và Nghị định số 145/2016/NĐ-CP ngày 01 tháng 11 năm 2016 của Chính phủ sửa đổi, bổ sung một số điều của Nghị định số 108/2013/NĐ-CP ngày 23 tháng 9 năm 2013 của Chính phủ quy định xử phạt vi phạm hành chính trong lĩnh vực chứng khoán và thị trường chứng khoán hết hiệu lực kể từ ngày Nghị đ"
150974,08/2021/TT-BTC,05/2019/NĐ-CP,Căn cứ,Căn cứ Nghị định 05/2019/NĐ-CP ngày 22 tháng 01 năm 2019 của Chính phủ về kiểm toán nội bộ;
150974,08/2021/TT-BTC,8/2021/TT-BTC,Thông tư số,"BỘ TRƯỞNG THỨ TRƯỞNG (Đã ký) Tạ Anh Tuấn Phụ lục số I CHUẨN MỰC KIỂM TOÁN NỘI BỘ VIỆT NAM (Ban hành kèm theo Thông tư số 8/2021/TT-BTC ngày 25 tháng 01 năm 2021 của Bộ trưởng Bộ Tài chính) Giới thiệu chuẩn mực Kiểm toán nội bộ được thực hiện ở những đơn vị có mục đích, quy mô, mức độ phức tạp và cơ cấu khác nhau và do nhân sự ở trong và ngoài đơn vị thực hiện."
150974,08/2021/TT-BTC,87/2017/NĐ-CP,Căn cứ,"Căn cứ Nghị định số 87/2017/NĐ-CP ngày 26 tháng 7 năm 2017 của Chính phủ quy định chức năng, nhiệm vụ, quyền hạn và cơ cấu tổ chức của Bộ Tài chính;"
150974,08/2021/TT-BTC,88/2015/QH13,Căn cứ,"CHỦ NGHĨA VIỆT NAM Độc lập - Tự do - Hạnh phúc Số: 8/2021/TT-BTC Hà Nội, ngày 25 tháng 01 năm 2021 THÔNG TƯ Ban hành chuẩn mực kiểm toán nội bộ Việt Nam và các nguyên tắc đạo đức nghề nghiệp kiểm toán nội bộ ‾‾‾‾‾‾‾‾‾‾‾‾‾‾‾‾‾‾‾‾‾‾‾‾‾‾‾‾ Căn cứ Luật kế toán số 88/2015/QH13 ngày 20 tháng 11 năm 2015;"
163441,46/2023/NĐ-CP,08/2022/QH15,Căn cứ,"BỘ TRƯỞNG BỘ TÀI CHÍNH Căn cứ Luật Kinh doanh bảo hiểm số 08/2022/QH15 ngày 16/6/2022, Căn cứ Nghị định số 14/2023/NĐ-CP ngày 20/4/2023 của Chính phủ quy định chức năng, nhiệm vụ, quyền hạn và cơ cấu tổ chức của Bộ Tài chính;"
163441,46/2023/NĐ-CP,14/2023/NĐ-CP,Căn cứ,"BỘ TRƯỞNG BỘ TÀI CHÍNH Căn cứ Luật Kinh doanh bảo hiểm số 08/2022/QH15 ngày 16/6/2022, Căn cứ Nghị định số 14/2023/NĐ-CP ngày 20/4/2023 của Chính phủ quy định chức năng, nhiệm vụ, quyền hạn và cơ cấu tổ chức của Bộ Tài chính;"
163441,46/2023/NĐ-CP,151/2018/NĐ-CP,"Sửa đổi, bổ sung","b) Chương III Nghị định số 151/2018/NĐ-CP ngày 07 tháng 11 năm 2018 của Chính phủ sửa đổi, bổ sung một số Nghị định quy định về điều kiện đầu tư, kinh doanh thuộc phạm vi quản lý nhà nước của Bộ Tài chính;"
163441,46/2023/NĐ-CP,16/2022/QH15,Căn cứ,BỘ TRƯỞNG BỘ TÀI CHÍNH Căn cứ Luật Kinh doanh bảo hiểm số 16/2022/QH15 ngày 16/6/2022;
163441,46/2023/NĐ-CP,47/2020/NĐ-CP,Nghị định số,"Kết nối Cơ sở dữ liệu về hoạt động kinh doanh bảo hiểm Việc kết nối Cơ sở dữ liệu về kinh doanh bảo hiểm với các cơ sở dữ liệu quốc gia và các cơ sở dữ liệu chuyên ngành khác được thực hiện theo quy định tại Nghị định số 47/2020/NĐ-CP ngày 09 tháng 4 năm 2020 của Chính phủ về quản lý, kết nối và chia sẻ dữ liệu số trong cơ quan nhà nước và pháp luật chuyên ngành."
163441,46/2023/NĐ-CP,48/2018/NĐ-CP,"Sửa đổi, bổ sung","sung một số điều của Luật Kinh doanh bảo hiểm, Nghị định số 98/2013/NĐ-CP ngày 28 tháng 8 năm 2013 của Chính phủ quy định về xử phạt vi phạm hành chính trong lĩnh vực kinh doanh bảo hiểm, kinh doanh xổ số đã được sửa đổi, bổ sung một số điều theo Nghị định số 48/2018/NĐ-CP ngày 21 tháng 3 năm 2018 của Chính phủ."
163441,46/2023/NĐ-CP,73/2016/NĐ-CP,"Sửa đổi, bổ sung","c) Điều 1 Nghị định số 80/2019/NĐ-CP ngày 01 tháng 11 năm 2019 của Chính phủ sửa đổi, bổ sung một số điều của Nghị định số 73/2016/NĐ-CP ngày 01 tháng 7 năm 2016 của Chính phủ quy định chi tiết thi hành Luật Kinh doanh bảo hiểm và Luật sửa đổi, bổ sung một số điều của Luật Kinh doanh bảo hiểm, Nghị định số 98/2013/NĐ-CP ngày 28 tháng 8 năm 2013 của Chính phủ quy định về xử phạt vi phạm hành ch"
163441,46/2023/NĐ-CP,80/2019/NĐ-CP,"Sửa đổi, bổ sung","c) Điều 1 Nghị định số 80/2019/NĐ-CP ngày 01 tháng 11 năm 2019 của Chính phủ sửa đổi, bổ sung một số điều của Nghị định số 73/2016/NĐ-CP ngày 01 tháng 7 năm 2016 của Chính phủ quy định chi tiết thi hành Luật Kinh doanh bảo hiểm và Luật sửa đổi, bổ sung một số điều của Luật Kinh doanh bảo hiểm, N"
163441,46/2023/NĐ-CP,98/2013/NĐ-CP,"Sửa đổi, bổ sung","ng 11 năm 2019 của Chính phủ sửa đổi, bổ sung một số điều của Nghị định số 73/2016/NĐ-CP ngày 01 tháng 7 năm 2016 của Chính phủ quy định chi tiết thi hành Luật Kinh doanh bảo hiểm và Luật sửa đổi, bổ sung một số điều của Luật Kinh doanh bảo hiểm, Nghị định số 98/2013/NĐ-CP ngày 28 tháng 8 năm 2013 của Chính phủ quy định về xử phạt vi phạm hành chính trong lĩnh vực kinh doanh bảo hiểm, kinh doanh xổ số đã được sửa đổi, bổ sung một số điều theo Nghị định số 48/2018/NĐ-CP ngày 21 tháng 3 năm 2018 của Chính phủ."
164719,22/2023/TT-NHNN,102/2022/NĐ-CP,Căn cứ,"Căn cứ Nghị định số 102/2022/NĐ-CP ngày 12 tháng 12 năm 2022 của Chính phủ quy định chức năng, nhiệm vụ, quyền hạn và cơ cấu tổ chức của Ngân hàng Nhà nước Việt Nam;"
164719,22/2023/TT-NHNN,41/2016/TT-NHNN,"Sửa đổi, bổ sung","NGÂN HÀNG NHÀ NƯỚC VIỆT NAM CỘNG HÒA XÃ HỘI CHỦ NGHĨA VIỆT NAM Độc lập – Tự do – Hạnh phúc Số: 22/2023/TT-NHNN Hà Nội, ngày 29 tháng 12 năm 2023 THÔNG TƯ Sửa đổi, bổ sung một số điều của Thông tư số 41/2016/TT-NHNN ngày 30 tháng 12 năm 2016 của Thống đốc Ngân hàng Nhà nước Việt Nam quy định tỷ lệ an toàn vốn đối với ngân hàng, chi nhánh ngân hàng nước ngoài Căn cứ Luật Ngân hàng Nhà nước Việt Nam ngày 16 tháng 6 năm 2010;"
166170,32/2024/QH15,17/2017/QH14,"Sửa đổi, bổ sung","lượng thành viên chưa tuân thủ quy định tại khoản 2 Điều 51 của Luật này được tiếp tục duy trì số lượng thành viên Ban kiểm soát theo quy định tại khoản 2 Điều 44 của Luật Các tổ chức tín dụng số 47/2010/QH12 đã được sửa đổi, bổ sung một số điều theo Luật số 17/2017/QH14 cho đến hết nhiệm kỳ của Ban kiểm soát, thành viên Ban kiểm soát, trừ trường hợp ngân hàng thương mại bầu, bổ nhiệm bổ sung, thay thế thành viên Ban kiểm soát."
166170,32/2024/QH15,29/2023/QH15,Số hiệu văn bản,"n nhượng dự án bất động sản của pháp luật về kinh doanh bất động sản nhưng phải đáp ứng các điều kiện sau đây: a) Dự án bất động sản chuyển nhượng phải đáp ứng điều kiện quy định tại các điểm a, d, đ, g và h khoản 1 Điều 40 của Luật Kinh doanh bất động sản số 29/2023/QH15 và phải có quyết định giao đất, cho thuê đất của cơ quan nhà nước có thẩm quyền;"
166170,32/2024/QH15,42/2017/QH14,Số hiệu văn bản,ộng sản đã được thu giữ theo quy định tại Điều 7 của Nghị quyết số 42/2017/QH14 về thí điểm xử lý nợ xấu của các tổ chức tín dụng (sau đây gọi là Nghị quyết số 42/2017/QH14) hoặc đang thực hiện thủ tục chuyển nhượng theo quy định tại Điều 10 của Nghị quyết số 42/2017/QH14 trước ngày Luật này có hiệu lực thi hành mà đến ngày Luật này có hiệu lực thi hành chưa xử lý xong thì được tiếp tục áp dụng quy định tại Điều 10 của Nghị quyết số 42/2017/QH14 từ ngày 01 tháng 01 năm 2024 cho đến khi xử lý xong.
166170,32/2024/QH15,47/2010/QH12,"Sửa đổi, bổ sung","hiệu lực thi hành, Ban kiểm soát của ngân hàng thương mại có số lượng thành viên chưa tuân thủ quy định tại khoản 2 Điều 51 của Luật này được tiếp tục duy trì số lượng thành viên Ban kiểm soát theo quy định tại khoản 2 Điều 44 của Luật Các tổ chức tín dụng số 47/2010/QH12 đã được sửa đổi, bổ sung một số điều theo Luật số 17/2017/QH14 cho đến hết nhiệm kỳ của Ban kiểm soát, thành viên Ban kiểm soát, trừ trường hợp ngân hàng thương mại bầu, bổ nhiệm bổ sung, thay thế thành viên Ban kiểm soát."
166269,17/2023/QH15,23/2012/QH13,thay thế,"Chính sách của Nhà nước đối với hợp tác xã, liên hiệp hợp tác xã được ban hành theo quy định của Luật Hợp tác xã số 23/2012/QH13 được tiếp tục thực hiện cho đến khi hết thời gian áp dụng chính sách hoặc có văn bản thay thế, bãi bỏ."
168220,27/2024/TT-NHNN,03/2014/TT-NHNN,Thông tư số,c) Thông tư số 03/2014/TT-NHNN ngày 23 tháng 01 năm 2014 của Thống đốc Ngân hàng Nhà nước quy định về Quỹ đảm bảo an toàn hệ thống quỹ tín dụng nhân dân;
168220,27/2024/TT-NHNN,09/2016/TT-NHNN,"Sửa đổi, bổ sung","b) Thông tư số 09/2016/TT-NHNN ngày 17 tháng 6 năm 2016 sửa đổi, bổ sung một số điều của Thông tư số 31/2012/TT-NHNN ngày 26/11/2012 của Thống đốc Ngân hàng Nhà nước quy định về ngân hàng hợp tác xã;"
168220,27/2024/TT-NHNN,102/2022/NĐ-CP,Căn cứ,"Căn cứ Nghị định số 102/2022/NĐ-CP ngày 12 tháng 12 năm 2022 của Chính phủ quy định chức năng, nhiệm vụ, quyền hạn và cơ cấu tổ chức của Ngân hàng Nhà nước Việt Nam;"
168220,27/2024/TT-NHNN,21/2019/TT-NHNN,"Sửa đổi, bổ sung","d) Điều 1 và Điều 5 Thông tư số 21/2019/TT-NHNN ngày 14 tháng 11 năm 2019 sửa đổi, bổ sung một số điều của các Thông tư quy định về ngân hàng hợp tác xã, quỹ tín dụng nhân dân và quỹ bảo đảm an toàn hệ thống quỹ tín dụng nhân dân;"
168220,27/2024/TT-NHNN,21/2023/TT-NHNN,"Sửa đổi, bổ sung","đ) Điều 2 Thông tư 21/2023/TT-NHNN sửa đổi, bổ sung một số điều của các Thông tư liên quan đến hoạt động kinh doanh thuộc phạm vi, chức năng quản lý của Ngân hàng Nhà nước Việt Nam."
168220,27/2024/TT-NHNN,24/2023/TT-NHNN,"Sửa đổi, bổ sung","đ) Điều 1 Thông tư số 24/2023/TT-NHNN ngày 30 tháng 12 năm 2023 sửa đổi, bổ sung một số điều của các Thông tư liên quan đến việc nộp, xuất trình, cung cấp thông tin, giấy tờ về dân cư khi thực hiện thủ tục hành chính trong lĩnh vực thành lập và hoạt động ngân hàng."
168220,27/2024/TT-NHNN,31/2012/TT-NHNN,"Sửa đổi, bổ sung","b) Thông tư số 09/2016/TT-NHNN ngày 17 tháng 6 năm 2016 sửa đổi, bổ sung một số điều của Thông tư số 31/2012/TT-NHNN ngày 26/11/2012 của Thống đốc Ngân hàng Nhà nước quy định về ngân hàng hợp tác xã;"
168859,29/2024/TT-NHNN,01/2023/TT-NHNN,"Sửa đổi, bổ sung","d) Thông tư số 01/2023/TT-NHNN ngày 01/3/2023 của Thống đốc Ngân hàng Nhà nước sửa đổi, bổ sung một số điều của Thông tư số 04/2015/TT-NHNN ngày 31/3/2015 của Thống đốc Ngân hàng Nhà nước Việt Nam quy định về quỹ tín dụng nhân dân;"
168859,29/2024/TT-NHNN,03/2014/TT-NHNN,"Sửa đổi, bổ sung","b) Thông tư số 06/2017/TT-NHNN ngày 05/7/2017 của Thống đốc Ngân hàng sửa đổi, bổ sung một số điều của Thông tư số 03/2014/TT-NHNN ngày 23/01/2014 của Thống đốc Ngân hàng Nhà nước quy định về quỹ bảo đảm an toàn hệ thống quỹ tín dụng nhân dân và Thông tư số 04/2015/TT-NHNN ngày 31/03/2015 của Thống đốc Ngân hàng Nhà nước quy định về quỹ tín dụng nhân dân;"
168859,29/2024/TT-NHNN,04/2015/TT-NHNN,"Sửa đổi, bổ sung","b) Thông tư số 06/2017/TT-NHNN ngày 05/7/2017 của Thống đốc Ngân hàng sửa đổi, bổ sung một số điều của Thông tư số 03/2014/TT-NHNN ngày 23/01/2014 của Thống đốc Ngân hàng Nhà nước quy định về quỹ bảo đảm an toàn hệ thống quỹ tín dụng nhân dân và Thông tư số 04/2015/TT-NHNN ngày 31/03/2015 của Thống đốc Ngân hàng Nhà nước quy định về quỹ tín dụng nhân dân;"
168859,29/2024/TT-NHNN,06/2007/TT-NHNN,"Sửa đổi, bổ sung","Quỹ tín dụng nhân dân hoạt động theo ngành nghề, quỹ tín dụng nhân dân hoạt động theo từng doanh nghiệp được quy định tại Thông tư số 06/2007/TT-NHNN ngày 06 tháng 11 năm 2007 của Thống đốc Ngân hàng Nhà nước sửa đổi, bổ sung Thông tư số 08/2005/TT-NHNN ngày 30 tháng 12 năm 2005 của Ngân hàng Nhà nước hướng dẫn thực hiện Nghị định số 48/2001/NĐ-CP ngày 13/8/2001 về tổ chức và hoạt động của quỹ tín dụng nhâ"
168859,29/2024/TT-NHNN,06/2017/TT-NHNN,"Sửa đổi, bổ sung","b) Thông tư số 06/2017/TT-NHNN ngày 05/7/2017 của Thống đốc Ngân hàng sửa đổi, bổ sung một số điều của Thông tư số 03/2014/TT-NHNN ngày 23/01/2014 của Thống đốc Ngân hàng Nhà nước quy định về quỹ bảo đảm an toàn hệ thống quỹ tín dụng nhân dân và Thông tư số 04/2015/TT-NHNN ngày 31/03/2015"
168859,29/2024/TT-NHNN,08/2005/TT-NHNN,"Sửa đổi, bổ sung","Quỹ tín dụng nhân dân hoạt động theo ngành nghề, quỹ tín dụng nhân dân hoạt động theo từng doanh nghiệp được quy định tại Thông tư số 06/2007/TT-NHNN ngày 06 tháng 11 năm 2007 của Thống đốc Ngân hàng Nhà nước sửa đổi, bổ sung Thông tư số 08/2005/TT-NHNN ngày 30 tháng 12 năm 2005 của Ngân hàng Nhà nước hướng dẫn thực hiện Nghị định số 48/2001/NĐ-CP ngày 13/8/2001 về tổ chức và hoạt động của quỹ tín dụng nhân dân và Nghị định số 69/2005/NĐ-CP ngày 26 tháng 5 năm 2005 của Chính phủ về việc sửa đổi, bổ sung một"
168859,29/2024/TT-NHNN,102/2022/NĐ-CP,Căn cứ,"Căn cứ Nghị định số 102/2022/NĐ-CP ngày 12 tháng 12 năm 2022 của Chính phủ quy định chức năng, nhiệm vụ, quyền hạn và cơ cấu tổ chức của Ngân hàng Nhà nước Việt Nam;"
168859,29/2024/TT-NHNN,21/2019/TT-NHNN,"Sửa đổi, bổ sung","c) Điều 2, khoản 1 Điều 6 Thông tư 21/2019/TT-NHNN ngày 14/11/2019 của Thống đốc Ngân hàng Nhà nước sửa đổi, bổ sung một số điều của các Thông tư quy định về ngân hàng hợp tác xã, quỹ tín dụng nhân dân và quỹ bảo đảm an toàn hệ thống quỹ tín dụng nhân dân;"
168859,29/2024/TT-NHNN,48/2001/NĐ-CP,"Sửa đổi, bổ sung","động theo từng doanh nghiệp được quy định tại Thông tư số 06/2007/TT-NHNN ngày 06 tháng 11 năm 2007 của Thống đốc Ngân hàng Nhà nước sửa đổi, bổ sung Thông tư số 08/2005/TT-NHNN ngày 30 tháng 12 năm 2005 của Ngân hàng Nhà nước hướng dẫn thực hiện Nghị định số 48/2001/NĐ-CP ngày 13/8/2001 về tổ chức và hoạt động của quỹ tín dụng nhân dân và Nghị định số 69/2005/NĐ-CP ngày 26 tháng 5 năm 2005 của Chính phủ về việc sửa đổi, bổ sung một số điều của Nghị định số 48/2001/NĐ-CP ngày 13 tháng 8 năm 2001 của Chính phủ về tổ chức và hoạt"
168859,29/2024/TT-NHNN,69/2005/NĐ-CP,"Sửa đổi, bổ sung","2007 của Thống đốc Ngân hàng Nhà nước sửa đổi, bổ sung Thông tư số 08/2005/TT-NHNN ngày 30 tháng 12 năm 2005 của Ngân hàng Nhà nước hướng dẫn thực hiện Nghị định số 48/2001/NĐ-CP ngày 13/8/2001 về tổ chức và hoạt động của quỹ tín dụng nhân dân và Nghị định số 69/2005/NĐ-CP ngày 26 tháng 5 năm 2005 của Chính phủ về việc sửa đổi, bổ sung một số điều của Nghị định số 48/2001/NĐ-CP ngày 13 tháng 8 năm 2001 của Chính phủ về tổ chức và hoạt động của quỹ tín dụng nhân dân được tiếp tục hoạt động trên địa bàn đã được Ngân hàng Nhà nước"
169221,43/2024/TT-NHNN,01/2014/TT-NHNN,"Sửa đổi, bổ sung","Sửa đổi, bổ sung điểm a và điểm c khoản 2 Điều 30 (đã được sửa đổi, bổ sung bởi khoản 13 Điều 1 Thông tư số 01/2020/TT-NHNN ngày 31/12/2020 của Thống đốc Ngân hàng Nhà nước Việt Nam sửa đổi, bổ sung một số điều của Thông tư 01/2014/TT-NHNN ngày 10 tháng 12 năm 2014 của Thống đốc Ngân hàng nhà nước hướng dẫn việc tổ chức thực hiện hoạt động quản lý dự trữ ngoại hối nhà nước) như sau: a) Sửa đổi, bổ sung điểm a như sau: “a) Trình Thủ tướng Chính phủ phê duyệt: Hạn mức Quỹ Bình ổn tỷ giá và quản l"
169221,43/2024/TT-NHNN,01/2020/TT-NHNN,"Sửa đổi, bổ sung","Sửa đổi, bổ sung điểm a và điểm c khoản 2 Điều 30 (đã được sửa đổi, bổ sung bởi khoản 13 Điều 1 Thông tư số 01/2020/TT-NHNN ngày 31/12/2020 của Thống đốc Ngân hàng Nhà nước Việt Nam sửa đổi, bổ sung một số điều của Thông tư 01/2014/TT-NHNN ngày 10 tháng 12 năm 2014 của Thống đốc Ngân hàng nhà nước hướng dẫn việc tổ chức thực hiện hoạt động quản lý dự trữ ngoại hối nhà nước) như sa"
169221,43/2024/TT-NHNN,102/2022/NĐ-CP,Căn cứ,"Căn cứ Nghị định số 102/2022/NĐ-CP ngày 12 tháng 12 năm 2022 của Chính phủ quy định chức năng, nhiệm vụ, quyền hạn và cơ cấu tổ chức của Ngân hàng Nhà nước Việt Nam;"
169221,43/2024/TT-NHNN,12/2023/TT-NHNN,"Sửa đổi, bổ sung","Sửa đổi, bổ sung điểm đ và điểm k khoản 1 (đã được sửa đổi, bổ sung bởi điểm a khoản 18 Điều 1 Thông tư số 12/2023/TT-NHNN) và bổ sung khoản 5 Điều 32 như sau: a) Sửa đổi, bổ sung điểm đ khoản 1 như sau: “đ) Xác định giá vàng quy đô la Mỹ và đồng Việt Nam của vàng thuộc dự trữ ngoại hối nhà nước và tỷ giá của đồng Việt Nam với một số ngoại tệ áp dụng cho việc hạch toán theo quy đ"
169221,43/2024/TT-NHNN,50/2014/NĐ-CP,Căn cứ,Căn cứ Nghị định số 50/2014/NĐ-CP ngày 20 tháng 5 năm 2014 của Chính phủ về quản lý dự trữ ngoại hối nhà nước;
173460,57/2024/TT-NHNN,102/2022/NĐ-CP,Căn cứ,"Căn cứ Nghị định số 102/2022/NĐ-CP ngày 12 tháng 12 năm 2022 của Chính phủ quy định chức năng, nhiệm vụ, quyền hạn và cơ cấu tổ chức của Ngân hàng Nhà nước Việt Nam;"
173460,57/2024/TT-NHNN,162/2024/NĐ-CP,Căn cứ,"Căn cứ Nghị định số 162/2024/NĐ-CP ngày 20 tháng 12 năm 2024 của Chính phủ quy định điều kiện cấp Giấy phép đối với quỹ tín dụng nhân dân, tổ chức tài chính vi mô và điều kiện đối với chủ sở hữu của tổ chức tín dụng là công ty trách nhiệm hữu hạn một thành viên, cổ đông sáng lập, thành viên sá"
173695,56/2024/TT-NHNN,102/2022/NĐ-CP,Căn cứ,"Căn cứ Nghị định số 102/2022/NĐ-CP ngày 12 tháng 12 năm 2022 của Chính phủ quy định chức năng, nhiệm vụ, quyền hạn và cơ cấu tổ chức của Ngân hàng Nhà nước Việt Nam;"
174218,62/2024/TT-NHNN,102/2022/NĐ-CP,Căn cứ,"Căn cứ Nghị định số 102/2022/NĐ-CP ngày 12 tháng 12 năm 2022 của Chính phủ quy định chức năng, nhiệm vụ, quyền hạn và cơ cấu tổ chức của Ngân hàng Nhà nước Việt Nam;"
174218,62/2024/TT-NHNN,36/2015/TT-NHNN,Thông tư số,"Kể từ ngày Thông tư này có hiệu lực thi hành, Thông tư số 36/2015/TT-NHNN ngày 31 tháng 12 năm 2015 của Thống đốc Ngân hàng Nhà nước Việt Nam quy định việc tổ chức lại tổ chức tín dụng hết hiệu lực thi hành."
185630,63/2025/TT-NHNN,01/2025/TT-NHNN,"Sửa đổi, bổ sung","Chương II SỬA ĐỔI, BỔ SUNG MỘT SỐ ĐIỀU CỦA THÔNG TƯ SỐ 01/2025/TT-NHNN QUY ĐỊNH VỀ CẤP GIẤY PHÉP LẦN ĐẦU, CẤP ĐỔI GIẤY PHÉP CỦA QUỸ TÍN DỤNG NHÂN DÂN Điều 3."
185630,63/2025/TT-NHNN,08/2025/TT-NHNN,"Sửa đổi, bổ sung","Thông tư này bãi bỏ quy định tại khoản 1 Điều 2 Thông tư số 08/2025/TT-NHNN ngày 06 tháng 6 năm 2025 của Thống đốc Ngân hàng Nhà nước Việt Nam sửa đổi, bổ sung một số điều của Thông tư số 43/2015/TT-NHNN ngày 31 tháng 12 năm 2015 của Thống đốc Ngân hàng Nhà nước Việt Nam quy định về tổ chức và hoạt động của phòng giao dịch bưu điện t"
185630,63/2025/TT-NHNN,10/2025/TT-NHNN,"Sửa đổi, bổ sung","Chương III SỬA ĐỔI, BỔ SUNG MỘT SỐ ĐIỀU CỦA THÔNG TƯ SỐ 10/2025/TT-NHNN QUY ĐỊNH VỀ TỔ CHỨC LẠI, THU HỒI GIẤY PHÉP VÀ THANH LÝ TÀI SẢN CỦA QUỸ TÍN DỤNG NHÂN DÂN Điều 8."
185630,63/2025/TT-NHNN,17/2023/QH15,Căn cứ,Căn cứ Luật Hợp tác xã số 17/2023/QH15;
185630,63/2025/TT-NHNN,26/2025/NĐ-CP,Căn cứ,"Căn cứ Nghị định số 26/2025/NĐ-CP của Chính phủ quy định chức năng, nhiệm vụ, quyền hạn và cơ cấu tổ chức của Ngân hàng Nhà nước Việt Nam;"
185630,63/2025/TT-NHNN,29/2024/TT-NHNN,"Sửa đổi, bổ sung","Chương I SỬA ĐỔI, BỔ SUNG MỘT SỐ ĐIỀU CỦA THÔNG TƯ SỐ 29/2024/TT-NHNN QUY ĐỊNH VỀ QUỸ TÍN DỤNG NHÂN DÂN Điều 1."
185630,63/2025/TT-NHNN,32/2024/QH15,"Sửa đổi, bổ sung","Căn cứ Luật Các tổ chức tín dụng số 32/2024/QH15 được sửa đổi, bổ sung bởi Luật số 96/2025/QH15;"
185630,63/2025/TT-NHNN,32/2024/TT-NHNN,Thông tư số,"nh về tổ chức và hoạt động của phòng giao dịch bưu điện trực thuộc Ngân hàng thương mại cổ phần Bưu điện Liên Việt, Thông tư số 29/2024/TT-NHNN ngày 28 tháng 6 năm 2024 của Thống đốc Ngân hàng Nhà nước Việt Nam quy định về quỹ tín dụng nhân dân và Thông tư số 32/2024/TT-NHNN ngày 30 tháng 6 năm 2024 của Thống đốc Ngân hàng Nhà nước Việt Nam quy định về mạng lưới hoạt động của ngân hàng thương mại."
185630,63/2025/TT-NHNN,43/2015/TT-NHNN,"Sửa đổi, bổ sung","Thông tư này bãi bỏ quy định tại khoản 1 Điều 2 Thông tư số 08/2025/TT-NHNN ngày 06 tháng 6 năm 2025 của Thống đốc Ngân hàng Nhà nước Việt Nam sửa đổi, bổ sung một số điều của Thông tư số 43/2015/TT-NHNN ngày 31 tháng 12 năm 2015 của Thống đốc Ngân hàng Nhà nước Việt Nam quy định về tổ chức và hoạt động của phòng giao dịch bưu điện trực thuộc Ngân hàng thương mại cổ phần Bưu điện Liên Việt, Thông tư số 29/2024/TT-NHNN ngày 28 tháng 6 năm 2024 của Thống đốc Ng"
185630,63/2025/TT-NHNN,46/2010/QH12,"Sửa đổi, bổ sung","HÀ NƯỚC VIỆT NAM CỘNG HÒA XÃ HỘI CHỦ NGHĨA VIỆT NAM Độc lập - Tự do - Hạnh phúc Số: 63/2025/TT-NHNN Hà Nội, ngày 31 tháng 12 năm 2025 THÔNG TƯ Sửa đổi, bổ sung một số điều của một số Thông tư về quỹ tín dụng nhân dân Căn cứ Luật Ngân hàng Nhà nước Việt Nam số 46/2010/QH12;"
185630,63/2025/TT-NHNN,96/2025/QH15,"Sửa đổi, bổ sung","Căn cứ Luật Các tổ chức tín dụng số 32/2024/QH15 được sửa đổi, bổ sung bởi Luật số 96/2025/QH15;"
186482,69/2025/TT-NHNN,03/2024/TT-NHNN,"Sửa đổi, bổ sung","cụm từ ""khoản 2 Điều 12"", cụm từ ""các khoản 5, 6 Điều 13"" tại khoản 2 Điều 2 Thông tư 03/2024/TT-NHNN của Thống đốc Ngân hàng Nhà nước Việt Nam sửa đổi, bổ sung một số Điều của Thông tư số 19/2013/TT-NHNN của Thống đốc Ngân hàng Nhà nước Việt Nam quy định về việc mua, bán và xử lý nợ xấu của Công ty Quản lý tài sản của các tổ chức tín dụng Việt Nam;"
186482,69/2025/TT-NHNN,14/2015/TT-NHNN,"Sửa đổi, bổ sung","Kể từ ngày thông tư này có hiệu lực thi hành, các quy định sau đây hết hiệu lực thi hành: a) Khoản 8, khoản 14 Điều 1 Thông tư 14/2015/TT-NHNN sửa đổi bổ sung một số điều của Thông tư số 19/2013/TT-NHNN của Thống đốc Ngân hàng Nhà nước Việt Nam quy định về việc mua, bán và xử lý nợ xấu của Công ty Quản lý tài sản của các tổ chức tín dụng Việt Nam;"
186482,69/2025/TT-NHNN,19/2013/TT-NHNN,"Sửa đổi, bổ sung","cụm từ ""khoản 2 Điều 12"", cụm từ ""các khoản 5, 6 Điều 13"" tại khoản 2 Điều 2 Thông tư 03/2024/TT-NHNN của Thống đốc Ngân hàng Nhà nước Việt Nam sửa đổi, bổ sung một số Điều của Thông tư số 19/2013/TT-NHNN của Thống đốc Ngân hàng Nhà nước Việt Nam quy định về việc mua, bán và xử lý nợ xấu của Công ty Quản lý tài sản của các tổ chức tín dụng Việt Nam;"
186482,69/2025/TT-NHNN,26/2025/NĐ-CP,Căn cứ,"Căn cứ Nghị định số 26/2025/NĐ-CP của Chính phủ quy định chức năng, nhiệm vụ, quyền hạn và cơ cấu tổ chức của Ngân hàng Nhà nước Việt Nam;"
186482,69/2025/TT-NHNN,27/2022/TT-NHNN,"Sửa đổi, bổ sung","c) Cụm từ “điểm b khoản 3 Điều 10” tại điểm c khoản 5 Điều 1 Thông tư số 27/2022/TT-NHNN của Thống đốc Ngân hàng Nhà nước Việt Nam sửa đổi, bổ sung một số điều của các Thông tư quy định về phân cấp giải quyết thủ tục hành chính trong lĩnh vực thành lập và hoạt động ngân hàng;"
186482,69/2025/TT-NHNN,30/2024/TT-NHNN,"Sửa đổi, bổ sung","d) Khoản 7, khoản 9, khoản 14, điểm c khoản 15 Điều 1 Thông tư 30/2024/TT-NHNN của Thống đốc Ngân hàng Nhà nước Việt Nam sửa đổi, bổ sung một số điều của các Thông tư quy định về hồ sơ, thủ tục chấp thuận những thay đổi và mạng lưới hoạt động của tổ chức tín dụng phi ngân hàng."
186482,69/2025/TT-NHNN,32/2024/QH15,"Sửa đổi, bổ sung","Căn cứ Luật Các tổ chức tín dụng số 32/2024/QH15 được sửa đổi, bổ sung bởi Luật số 96/2025/QH15;"
186482,69/2025/TT-NHNN,46/2010/QH12,Căn cứ,"NG TƯ Sửa đổi, bổ sung một số điều của một số Thông tư của Thống đốc Ngân hàng Nhà nước Việt Nam trong lĩnh vực quản lý, giám sát ngân hàng liên quan đến cắt giảm điều kiện kinh doanh, đơn giản hóa thủ tục hành chính Căn cứ Luật Ngân hàng Nhà nước Việt Nam số 46/2010/QH12;"
186482,69/2025/TT-NHNN,53/2018/TT-NHNN,thay thế,Thay thế Phụ lục ban hành kèm theo Thông tư 53/2018/TT-NHNN Thay thế Phụ lục ban hành kèm theo Thông tư 53/2018/TT-NHNN bằng Phụ lục ban hành kèm theo Thông tư này.
186482,69/2025/TT-NHNN,62/2024/TT-NHNN,"Sửa đổi, bổ sung","Chương IV SỬA ĐỔI, BỔ SUNG MỘT SỐ ĐIỀU CỦA THÔNG TƯ SỐ 62/2024/TT-NHNN CỦA THỐNG ĐỐC NGÂN HÀNG NHÀ NƯỚC VIỆT NAM QUY ĐỊNH VỀ ĐIỀU KIỆN, HỒ SƠ, THỦ TỤC CHẤP THUẬN VIỆC TỔ CHỨC LẠI NGÂN HÀNG THƯƠNG MẠI, TỔ CHỨC TÍN DỤNG PHI NGÂN HÀNG Điều 26."
186482,69/2025/TT-NHNN,96/2025/QH15,"Sửa đổi, bổ sung","Căn cứ Luật Các tổ chức tín dụng số 32/2024/QH15 được sửa đổi, bổ sung bởi Luật số 96/2025/QH15;"
186888,62/2025/TT-NHNN,26/2025/NĐ-CP,Căn cứ,"Căn cứ Nghị định số 26/2025/NĐ-CP của Chính phủ quy định chức năng, nhiệm vụ, quyền hạn và cơ cấu tổ chức của Ngân hàng Nhà nước Việt Nam;"
186888,62/2025/TT-NHNN,32/2024/QH15,"Sửa đổi, bổ sung","Căn cứ Luật Các tổ chức tín dụng số 32/2024/QH15 được sửa đổi, bổ sung bởi Luật số 96/2025/QH15;"
186888,62/2025/TT-NHNN,44/2011/TT-NHNN,bãi bỏ,"Thông tư này bãi bỏ Thông tư số 44/2011/TT-NHNN ngày 29 tháng 12 năm 2011 của Thống đốc Ngân hàng Nhà nước Việt Nam quy định về hệ thống kiểm soát nội bộ và kiểm toán nội bộ của tổ chức tín dụng, chi nhánh ngân hàng nước ngoài."
186888,62/2025/TT-NHNN,46/2010/QH12,Căn cứ,"HỘI CHỦ NGHĨA VIỆT NAM Độc lập - Tự do - Hạnh phúc ________________________ Hà Nội, ngày 31 tháng 12 năm 2025 THÔNG TƯ Quy định về hệ thống kiểm soát nội bộ của tổ chức tín dụng là hợp tác xã, tổ chức tài chính vi mô Căn cứ Luật Ngân hàng Nhà nước Việt Nam số 46/2010/QH12;"
186888,62/2025/TT-NHNN,96/2025/QH15,"Sửa đổi, bổ sung","Căn cứ Luật Các tổ chức tín dụng số 32/2024/QH15 được sửa đổi, bổ sung bởi Luật số 96/2025/QH15;"
25692,46/2010/QH12,01/1997/QH10,"Sửa đổi, bổ sung","Luật Ngân hàng Nhà nước Việt Nam số 01/1997/QH10 và Luật sửa đổi, bổ sung một số điều của Luật Ngân hàng Nhà nước Việt Nam số 10/2003/QH11 hết hiệu lực kể từ ngày Luật này có hiệu lực."
25692,46/2010/QH12,10/2003/QH11,"Sửa đổi, bổ sung","Luật Ngân hàng Nhà nước Việt Nam số 01/1997/QH10 và Luật sửa đổi, bổ sung một số điều của Luật Ngân hàng Nhà nước Việt Nam số 10/2003/QH11 hết hiệu lực kể từ ngày Luật này có hiệu lực."
25692,46/2010/QH12,51/2001/QH10,"Sửa đổi, bổ sung","LUẬT Ngân hàng Nhà nước Việt Nam ________________ Căn cứ Hiến pháp nước Cộng hoà xã hội chủ nghĩa Việt Nam năm 1992 đã được sửa đổi, bổ sung một số điều theo Nghị quyết số 51/2001/QH10;"
26750,67/2011/QH12,51/2001/QH10,"Sửa đổi, bổ sung","ỘI CỘNG HÒA XÃ HỘI CHỦ NGHĨA VIỆT NAM Độc lập – Tự do – Hạnh phúc Số: 67/2011/QH12 Ngày 29 tháng 3 năm 2011 LUẬT Kiểm toán độc lập ______ Căn cứ Hiến pháp nước Cộng hòa xã hội chủ nghĩa Việt Nam năm 1992 đã được sửa đổi, bổ sung một số điều theo Nghị quyết số 51/2001/QH10;"
27257,44/2011/TT-NHNN,36/2006/QĐ-NHNN,Quyết định số,"Quyết định số 36/2006/QĐ-NHNN ngày 01/8/2006 của Thống đốc Ngân hàng Nhà nước ban hành Quy chế kiểm tra, kiểm soát nội bộ của tổ chức tín dụng và Quyết định số 37/2006/QĐ-NHNN ngày 01/8/2006 của Thống đốc Ngân hàng Nhà nước ban hành Quy chế kiểm toán nội bộ của tổ chức tín dụng hết hiệu l"
27257,44/2011/TT-NHNN,37/2006/QĐ-NHNN,Quyết định số,"Quyết định số 36/2006/QĐ-NHNN ngày 01/8/2006 của Thống đốc Ngân hàng Nhà nước ban hành Quy chế kiểm tra, kiểm soát nội bộ của tổ chức tín dụng và Quyết định số 37/2006/QĐ-NHNN ngày 01/8/2006 của Thống đốc Ngân hàng Nhà nước ban hành Quy chế kiểm toán nội bộ của tổ chức tín dụng hết hiệu lực kể từ ngày Thông tư này có hiệu lực."
27257,44/2011/TT-NHNN,46/2010/QH12,Căn cứ,"c lập - Tự do - Hạnh phúc --------------- Số: 44/2011/TT-NHNN Hà Nội, ngày 29 tháng 12 năm 2011 THÔNG TƯ Q uy định về hệ thống kiểm soát nội bộ và kiểm toán nội bộ của tổ chức tín dụng, chi nhánh ngân hàng nước ngoài Căn cứ Luật Ngân hàng Nhà nước Việt Nam số 46/2010/QH12 ngày 16 tháng 6 năm 2010;"
27257,44/2011/TT-NHNN,47/2010/QH12,Căn cứ,Căn cứ Luật Các tổ chức tín dụng số 47/2010/QH12 ngày 16 tháng 6 năm 2010;
27257,44/2011/TT-NHNN,96/2008/NĐ-CP,Căn cứ,"Căn cứ Nghị định số 96/2008/NĐ-CP ngày 26/8/2008 của Chính phủ quy định chức năng, nhiệm vụ, quyền hạn và cơ cấu tổ chức của Ngân hàng Nhà nước Việt Nam;"
30402,202/2012/TT-BTC,105/2004/NĐ-CP,Thông tư số,Các quy định về đăng ký hành nghề kiểm toán của kiểm toán viên và quản lý kiểm toán viên hành nghề quy định tại Thông tư số 64/2004/TT-BTC ngày 29/6/2004 hướng dẫn thi hành một số điều của Nghị định số 105/2004/NĐ-CP ngày 30/3/2004 của Chính phủ về kiểm toán độc lập hết hiệu lực kể từ ngày Thông tư này có hiệu lực thi hành.
30402,202/2012/TT-BTC,118/2008/NĐ-CP,Căn cứ,"Căn cứ Nghị định số 118/2008/NĐ-CP ngày 27/11/2008 của Chính phủ Quy định chức năng, nhiệm vụ, quyền hạn và cơ cấu tổ chức của Bộ Tài chính;"
30402,202/2012/TT-BTC,17/2012/NĐ-CP,Căn cứ,Căn cứ Nghị định số 17/2012/NĐ-CP ngày 13/3/2012 của Chính phủ quy định chi tiết và hướng dẫn thi hành một số điều của Luật kiểm toán độc lập;
30402,202/2012/TT-BTC,64/2004/TT-BTC,Thông tư số,Các quy định về đăng ký hành nghề kiểm toán của kiểm toán viên và quản lý kiểm toán viên hành nghề quy định tại Thông tư số 64/2004/TT-BTC ngày 29/6/2004 hướng dẫn thi hành một số điều của Nghị định số 105/2004/NĐ-CP ngày 30/3/2004 của Chính phủ về kiểm toán độc lập hết hiệu lực kể từ ngày Thông tư này có hiệu lực thi hành.
30402,202/2012/TT-BTC,67/2011/QH12,Căn cứ,"A XÃ HỘI CHỦ NGHĨA VIỆT NAM Độc lập – Tự do – Hạnh phúc Số: 202/2012/TT-BTC Hà Nội, ngày 19 tháng 11 năm 2012 THÔNG TƯ Hướng dẫn về đăng ký, quản lý và công khai danh sách kiểm toán viên hành nghề kiểm toán ___________________ Căn cứ Luật Kiểm toán độc lập số 67/2011/QH12 ngày 29 tháng 3 năm 2011;"
38128,37/2014/TT-NHNN,156/2013/NĐ-CP,Căn cứ,"Căn cứ Nghị định số 156/2013/NĐ-CP ngày 11/11/2013 của Chính phủ quy định chức năng, nhiệm vụ, quyền hạn và cơ cấu tổ chức của Ngân hàng Nhà nước Việt Nam;"
38128,37/2014/TT-NHNN,23/2009/TT-NHNN,thay thế,"Điều khoản thi hành Thông tư này có hiệu lực thi hành từ ngày 12 tháng 01 năm 2015 và thay thế Thông tư số 23/2009/TT-NHNN ngày 02/12/2009 quy định việc thiết kế mẫu, chế bản và quản lý in, đúc tiền Việt Nam."
38128,37/2014/TT-NHNN,40/2012/NĐ-CP,Căn cứ,Căn cứ Nghị định số 40/2012/NĐ-CP ngày 02/5/2012 của Chính phủ về nghiệp vụ phát hành tiền;
38128,37/2014/TT-NHNN,46/2010/QH12,Căn cứ,"HÒA XÃ HỘI CHỦ NGHĨA VIỆT NAM Độc lập – Tự do – Hạnh phúc Số: 37/2014/TT-NHNN Hà Nội, Ngày 26 tháng 11 năm 2014 THÔNG TƯ Q uy định việc thiết kế mẫu tiền, chế bản và quản lý in, đúc tiền Việt Nam ____________________ Căn cứ Luật Ngân hàng Nhà nước Việt Nam số 46/2010/QH12 ;"
44209,01/2014/TT-NHNN,156/2013/NĐ-CP,Căn cứ,"Căn cứ Nghị định số 156/2013/NĐ-CP ngày 11 tháng 11 năm 2013 của Chính phủ quy định chức năng, nhiệm vụ, quyền hạn và cơ cấu tổ chức của Ngân hàng Nhà nước Việt Nam;"
44209,01/2014/TT-NHNN,21/2011/TT-NHNN,"Sửa đổi, bổ sung","c) Thông tư số 21/2011/TT-NHNN ngày 30/8/2011 sửa đổi, bổ sung Khoản 5 Điều 3 Chế độ giao nhận, bảo quản, vận chuyển tiền mặt, tài sản quý, giấy tờ có giá ban hành theo Quyết định số 60/2006/QĐ-NHNN."
44209,01/2014/TT-NHNN,27/2007/QĐ-NHNN,"Sửa đổi, bổ sung","b) Quyết định số 27/2007/QĐ-NHNN ngày 21/6/2007 sửa đổi, bổ sung một số Điều của Chế độ giao nhận, bảo quản, vận chuyển tiền mặt, tài sản quý, giấy tờ có giá ban hành theo Quyết định số 60/2006/QĐ-NHNN;"
44209,01/2014/TT-NHNN,40/2012/NĐ-CP,Căn cứ,Căn cứ Nghị định số 40/2012/NĐ-CP ngày 02 tháng 5 năm 2012 của Chính phủ về nghiệp vụ phát hành tiền;
44209,01/2014/TT-NHNN,46/2010/QH12,Căn cứ,"A XÃ HỘI CHỦ NGHĨA VIỆT NAM Độc lập - Tự do - Hạnh phúc --------------- Số: 01/2014/TT-NHNN Hà Nội, ngày 06 tháng 01 năm 2014 THÔNG TƯ Quy định về giao nhận, bảo quản, vận chuyển tiền mặt, tài sản quý, giấy tờ có giá Căn cứ Luật Ngân hàng Nhà nước Việt Nam số 46/2010/QH12 ngày 16 tháng 6 năm 2010;"
44209,01/2014/TT-NHNN,47/2010/QH12,Căn cứ,Căn cứ Luật Các tổ chức tín dụng số 47/2010/QH12 ngày 16 tháng 6 năm 2010;
44209,01/2014/TT-NHNN,60/2006/QĐ-NHNN,"Sửa đổi, bổ sung","b) Quyết định số 27/2007/QĐ-NHNN ngày 21/6/2007 sửa đổi, bổ sung một số Điều của Chế độ giao nhận, bảo quản, vận chuyển tiền mặt, tài sản quý, giấy tờ có giá ban hành theo Quyết định số 60/2006/QĐ-NHNN;"
6e689cd0-6f81-11f1-94d6-fd5d6d5ff793,52/VBHN-NHNN,102/2022/NĐ-CP,Căn cứ,"Căn cứ Nghị định số 102/2022/NĐ-CP ngày 12 tháng 12 năm 2022 của Chính phủ quy định chức năng, nhiệm vụ, quyền hạn và cơ cấu tổ chức của Ngân hàng Nhà nước Việt Nam;"
6e689cd0-6f81-11f1-94d6-fd5d6d5ff793,52/VBHN-NHNN,11/2026/TT-NHNN,Thông tư số,"Thông tư số 11/2026/TT-NHNN ngày 19 tháng 5 năm 2026 của Thống đốc Ngân hàng Nhà nước Việt Nam phân cấp thực hiện thủ tục hành chính trong lĩnh vực thông tin tín dụng và sửa đổi, bổ sung một số điều của các Thông tư liên quan đến cắt giảm, đơn giản hóa, phân cấp thực hiện thủ tục hành c"
6e689cd0-6f81-11f1-94d6-fd5d6d5ff793,52/VBHN-NHNN,12/2025/TT-NHNN,"Sửa đổi, bổ sung","Thông tư số 12/2025/TT-NHNN ngày 30 tháng 6 năm 2025 của Thống đốc Ngân hàng Nhà nước Việt Nam sửa đổi, bổ sung một số điều của các Thông tư quy định hồ sơ, thủ tục cấp Giấy phép lần đầu của ngân hàng thương mại, chi nhánh ngân hàng nước ngoài, văn phòng đại diện nước ngoài, tổ chức tín"
6e689cd0-6f81-11f1-94d6-fd5d6d5ff793,52/VBHN-NHNN,162/2024/NĐ-CP,Căn cứ,"c hiện đầy đủ nghĩa vụ thuế, bảo hiểm CỘNG HÒA XÃ HỘI CHỦ NGHĨA VIỆT NAM Độc lập – Tự do – Hạnh phúc …, ngày … tháng … năm … VĂN BẢN CAM KẾT ĐÃ THỰC HIỆN ĐẦY ĐỦ NGHĨA VỤ THUẾ, BẢO HIỂM XÃ HỘI Kính gửi: Thống đốc Ngân hàng Nhà nước Việt Nam Căn cứ Nghị định số 162/2024/NĐ-CP ngày 20 tháng 12 năm 2024 của Chính phủ quy định điều kiện cấp Giấy phép đối với quỹ tín dụng nhân dân, tổ chức tài chính vi mô và điều kiện đối với chủ sở hữu của tổ chức tín dụng là công ty trách nhiệm hữu hạn một thành viên, cổ đông sáng lập, thành viên sá"
6e689cd0-6f81-11f1-94d6-fd5d6d5ff793,52/VBHN-NHNN,56/2024/TT-NHNN,Thông tư số,"GHĨA VIỆT NAM Độc lập - Tự do - Hạnh phúc CỘNG HÒA XÃ HỘI CHỦ NGHĨA VIỆT NAM Độc lập - Tự do - Hạnh phúc THÔNG TƯ Quy định hồ sơ, thủ tục cấp Giấy phép lần đầu của ngân hàng thương mại, chi nhánh ngân hàng nước ngoài, văn phòng đại diện nước ngoài Thông tư số 56/2024/TT-NHNN ngày 24 tháng 12 năm 2024 của Thống đốc Ngân hàng Nhà nước Việt Nam quy định hồ sơ, thủ tục cấp Giấy phép lần đầu của ngân hàng thương mại, chi nhánh ngân hàng nước ngoài, văn phòng đại diện nước ngoài, có hiệu lực kể từ ngày 24 tháng 12 năm 2024 được sửa đổi"
f69936f0-6937-11f1-a48d-29bc6b0fd706,17/VBHN-BTC,108/2013/NĐ-CP,Nghị định số,"Đối với quyết định xử phạt vi phạm hành chính đã được ban hành trước ngày Nghị định này có hiệu lực thi hành mà cá nhân, tổ chức bị xử phạt vi phạm hành chính còn khiếu nại thì áp dụng quy định của Luật Xử lý vi phạm hành chính, Nghị định số 108/2013/NĐ-CP ngày 23 tháng 9 năm 2013 của Chính phủ quy định xử phạt vi phạm hành chính trong lĩnh vực chứng khoán và thị trường chứng khoán và Nghị định số 145/2016/NĐ-CP ngày 01 tháng 11 năm 2016 của Chính phủ sửa đổi, bổ sung một số điều của Nghị định số 108/2013/NĐ-CP"
f69936f0-6937-11f1-a48d-29bc6b0fd706,17/VBHN-BTC,128/2021/NĐ-CP,"Sửa đổi, bổ sung","g khoán Nghị định số 156/2020/NĐ-CP ngày 31 tháng 12 năm 2020 của Chính phủ quy định xử phạt vi phạm hành chính trong lĩnh vực chứng khoán và thị trường chứng khoán, có hiệu lực thi hành kể từ ngày 01 tháng 01 năm 2021, được sửa đổi, bổ sung bởi: Nghị định số 128/2021/NĐ-CP ngày 30 tháng 12 năm 2021 của Chính phủ sửa đổi, bổ sung một số điều của Nghị định số 156/2020/NĐ-CP ngày 31 tháng 12 năm 2020 của Chính phủ quy định xử phạt vi phạm hành chính trong lĩnh vực chứng khoán và thị trường chứng khoán, có hiệu lực thi hành kể từ n"
f69936f0-6937-11f1-a48d-29bc6b0fd706,17/VBHN-BTC,145/2016/NĐ-CP,"Sửa đổi, bổ sung","Nghị định số 108/2013/NĐ-CP ngày 23 tháng 9 năm 2013 của Chính phủ quy định xử phạt vi phạm hành chính trong lĩnh vực chứng khoán và thị trường chứng khoán và Nghị định số 145/2016/NĐ-CP ngày 01 tháng 11 năm 2016 của Chính phủ sửa đổi, bổ sung một số điều của Nghị định số 108/2013/NĐ-CP ngày 23 tháng 9 năm 2013 của Chính phủ quy định xử phạt vi phạm hành chính trong lĩnh vực chứng khoán và thị trường chứng khoán hết hiệu lực kể từ ngày Nghị đ"
f69936f0-6937-11f1-a48d-29bc6b0fd706,17/VBHN-BTC,155/2020/NĐ-CP,Nghị định số,Phạt tiền từ 30.000.000 đồng đến 50.000.000 đồng đối với công ty đại chúng thực hiện thông báo thay đổi tỷ lệ sở hữu nước ngoài tối đa không đúng thời gian quy định tại Điều 141 Nghị định số 155/2020/NĐ-CP ngày 31 tháng 12 năm 2020 của Chính phủ quy định chi tiết thi hành một số điều của Luật Chứng khoán.
f69936f0-6937-11f1-a48d-29bc6b0fd706,17/VBHN-BTC,156/2020/NĐ-CP,"Sửa đổi, bổ sung","hành chính trong lĩnh vực chứng khoán và thị trường chứng khoán, có hiệu lực thi hành kể từ ngày 01 tháng 01 năm 2021, được sửa đổi, bổ sung bởi: Nghị định số 128/2021/NĐ-CP ngày 30 tháng 12 năm 2021 của Chính phủ sửa đổi, bổ sung một số điều của Nghị định số 156/2020/NĐ-CP ngày 31 tháng 12 năm 2020 của Chính phủ quy định xử phạt vi phạm hành chính trong lĩnh vực chứng khoán và thị trường chứng khoán, có hiệu lực thi hành kể từ ngày 01 tháng 01 năm 2022."
f69936f0-6937-11f1-a48d-29bc6b0fd706,17/VBHN-BTC,158/2020/NĐ-CP,"Sửa đổi, bổ sung","NĐ-CP ngày 31 tháng 12 năm 2020 của Chính phủ quy định xử phạt vi phạm hành chính trong lĩnh vực chứng khoán và thị trường chứng khoán (được sửa đổi, bổ sung một số điều theo Nghị định số 128/2021/NĐ-CP ngày 30 tháng 12 năm 2021 của Chính phủ) và Nghị định số 158/2020/NĐ-CP ngày 31 tháng 12 năm 2020 của Chính phủ về chứng khoán phái sinh và thị trường chứng khoán phái sinh, có hiệu lực thi hành kể từ ngày 09 tháng 01 năm 2026."
f69936f0-6937-11f1-a48d-29bc6b0fd706,17/VBHN-BTC,306/2025/NĐ-CP,"Sửa đổi, bổ sung","Nghị định số 306/2025/NĐ-CP ngày 25 tháng 11 năm 2025 của Chính phủ sửa đổi, bổ sung một số điều của Nghị định số 156/2020/NĐ-CP ngày 31 tháng 12 năm 2020 của Chính phủ quy định xử phạt vi phạm hành chính trong lĩnh vực chứng khoán và thị trường chứng khoán (được sửa đổi, bổ sung một số"
